mtime,AD,AN,BO,BZ,DG,DK,DM,EL,ER,ET,EZ,FK,FY,GS,HS,HY,IJ,JS,KL,LX,NT,OP,OV,PX,QY,SW,TX,XY
2021-11-01T00:00,5058835,6304901,7012500,7993084,5331874,5606032,7299731,7050647,6949385,5793789,8422567,7863588,7329490,6665184,6106448,5980716,6128336,6739059,5921051,5816214,6389049,6022523,6012409,5884307,7312964,7322479,8093948,5074113
2021-11-01T00:05,5624344,6886012,6758678,5555528,6146138,7593528,5821675,5779257,6599085,6659141,7291056,6733941,6218504,8474665,7058163,5406521,4264114,6802063,7396541,7862282,7095248,5318396,6793603,5426766,7838556,7081252,6337394,6210594
2021-11-01T00:10,5529309,4519066,8093225,7023344,6464338,7063037,6305984,6454809,6589790,6198421,4473776,6110213,6508857,6729973,8414991,6984948,6630406,5381535,6509547,7255662,6778393,6535846,7608600,7013007,6429923,5551201,7891863,6260842
2021-11-01T00:15,6742893,4967048,5213368,6269444,5702612,5932069,5706411,6002753,6379001,7508216,5744040,7219012,6495250,7151504,6015304,8122564,5390718,6273422,7134839,5889087,5393857,6569319,6910257,6335650,6700583,7833111,7715713,8041468
2021-11-01T00:20,7342804,7762248,5557609,8144908,5938704,7124491,6440651,5520184,6704935,6993469,8580201,6582877,6294581,5779185,6434678,5568056,5211123,6489156,5063160,7641198,6813224,5591219,7475106,7560163,6655792,7328109,6104985,6318048
2021-11-01T00:25,6097369,7315542,5755145,7356433,5626905,7286315,8627601,5388914,7756922,6877012,6374303,6209545,6648428,8316356,5525821,7536695,6225144,7958647,5738705,4753946,8079462,6848959,7023649,5347008,7229905,6590905,5349038,5780581
2021-11-01T00:30,6084722,8038734,8163799,8028210,7751031,7262528,5996866,5933168,4376050,6680854,7187263,5703230,8302274,7636002,6153425,6514829,6037094,6590184,8651726,8483190,5928421,6178900,6044794,7482298,6615000,5681971,6807776,5573511
2021-11-01T00:35,8666771,6076318,6676752,5940843,5625431,5741996,5000527,7519293,5713415,6366489,6437179,6470357,5330887,5999155,5959819,7341887,6393297,6271603,7864778,7039792,8562071,5685993,5994566,5456830,7421338,5520748,5677617,7161072
2021-11-01T00:40,6700149,7111435,7615283,6375590,5952085,5942085,6149001,8027678,8027500,9782776,7911655,9399230,5441193,7276841,6724328,5256360,8048550,6122662,5886743,4909565,5529007,7211765,5087231,6198928,5592927,6585550,6236900,6984280
2021-11-01T00:45,7687559,8236591,7013203,6312511,6778436,5989838,5520724,9097089,6002107,5626462,9046775,6321601,7512721,7793697,5172280,7814802,8012476,6285515,7982462,7010002,7207735,6282827,6853039,7232053,5514265,7229535,4633236,6191189
2021-11-01T00:50,6424174,5430500,7225773,8174457,7856538,5788741,6905323,4391367,7468444,5920563,6260284,5441298,4680188,6121612,5448116,6737729,6314988,6736820,5233843,8398752,6914580,6583375,8345392,7930591,6984288,6271802,7338191,7136799
2021-11-01T00:55,6226944,7433702,6417826,7098890,8520762,6529454,6629552,4775653,6208749,7466855,8009889,6619635,5019552,4314988,5773011,6869058,5771666,6905651,7741423,5763056,6070079,7214004,8386858,8910539,7406605,6311448,6230456,6260578
2021-11-01T01:00,6365908,7703450,5651779,6887861,5935857,8284098,6014943,7621988,8752940,6500793,7716351,6708955,7117184,5564516,6205272,6168642,6802105,6279715,4550401,8772857,7266587,6628636,6386059,6564826,6357973,5580991,6742882,6733936
2021-11-01T01:05,6762710,4805596,6216436,7433505,8530503,7028006,7503771,6519193,6408359,8305064,8012008,6298840,8968770,4855816,8700595,8196089,7823236,5857418,7752045,6579075,6487708,8328248,5278791,7414005,5708331,7547556,5682556,6947973
2021-11-01T01:10,6734012,7298737,5170320,4983174,8224684,6217788,8214365,6359648,7088171,6974117,6513382,6679083,6991416,8155694,7556856,7545889,8054087,7013309,5628277,7412162,6039502,7498645,6061258,7338619,7310570,6432869,8901977,5005113
2021-11-01T01:15,8532484,6399848,8450037,7719214,7183648,5268289,6183534,6152994,6886761,6843823,4675770,6793495,6854883,6287679,7561299,7352965,7589268,8392545,6259516,5922846,5808268,7804344,5008098,6087296,5141317,5649334,6612589,8062930
2021-11-01T01:20,4852417,5579151,6766966,6325985,6308250,8636156,9507086,7085336,5452374,5949656,5703484,6621464,7962716,6662288,7488518,6743759,5592841,6485139,8411932,7713447,5156972,6214164,6105890,6364659,8286653,5037763,4685959,5604503
2021-11-01T01:25,5814590,6155772,6226128,7431366,7866719,6308449,6868553,6866657,6313020,6044229,6531326,6119215,6382595,8135024,6050664,6009797,5968454,6594468,5965481,7099752,8431546,6431531,5219905,6745392,6100465,6051048,5109231,6134976
2021-11-01T01:30,6773330,6853615,6894212,7457835,5812384,7004888,6097727,8012284,7286231,7025863,5933453,7660517,5974649,7950326,7420024,5886033,7058644,7148240,6630679,5219231,4005900,5309513,6087712,5370807,6659805,7090323,6811701,6491774
2021-11-01T01:35,7020176,7119397,7225649,5593574,6652120,6964501,7999437,7483411,7736364,6021558,7442389,8749884,8516947,4448609,7677552,6704341,6834238,6261293,6461123,6048128,7179159,6199567,5897709,9434121,6270838,6212550,6364523,6932880
2021-11-01T01:40,8481726,6042623,7244879,6728757,6367531,4871691,6499094,6890457,7350088,7073228,8222044,6893836,3839167,6580607,4979613,5621322,6879178,5164359,4171321,6469599,5641223,5794472,7164175,8194539,8552685,6414377,7037413,7127895
2021-11-01T01:45,6600001,6411152,6961444,7304057,7999611,8785930,7003273,6841468,6774979,5947341,5834589,4847918,8333965,7695602,6597716,6430161,8396965,6175597,7658538,6567301,6676780,5185826,8763786,7254948,7585765,6008629,5684774,7821602
2021-11-01T01:50,7191467,6616580,9064562,6232486,7436288,7039486,5607316,6745783,6653291,7400876,6518577,6386782,8159456,4908403,7459654,6567656,5739391,7042841,7678209,7608840,4681354,7819712,7720898,6887819,6760165,7242479,5239568,7049880
2021-11-01T01:55,7096464,7312930,5735342,5792149,8259392,6424459,7636847,7425689,6474136,7197227,6032355,8872846,6273277,7819609,7303581,7754702,8047651,6793457,5969955,6311278,7475108,6175114,7220344,6819276,5121480,6732330,4585416,6703966
2021-11-01T02:00,5319903,7854050,7992768,5713431,4117230,4930219,7120338,8121644,6995177,9240574,6328504,5360087,7159010,7503237,7604171,7142106,6332245,8060636,6546642,6844399,7910832,7968293,5870097,10454615,7684532,8725784,7821006,7887003
2021-11-01T02:05,7244553,5799264,8179975,7203349,6240836,6745680,5209322,5553406,7017314,6675924,5935156,6613675,5992365,5706781,5624202,5602446,6447679,6941294,6258060,6634357,6366484,5627719,6744456,6488637,8275982,7070467,7465340,5564363
2021-11-01T02:10,6602436,3972096,6102367,4973806,6089792,5324162,8016102,7669799,7085479,8028670,8318667,7049666,5967678,8813028,7525657,7226435,7435412,5814109,5276220,4993709,5650105,8905858,7096830,5578298,8302734,7031818,6383831,7552172
2021-11-01T02:15,5816604,4861534,8712019,6991279,5585954,6650657,6795073,7180111,4857640,5631545,5708781,7432213,6846216,6471667,6618353,5510642,6641931,5957449,5310791,6571116,5971845,6695189,5521243,5450936,8572688,6995682,7267248,7409943
2021-11-01T02:20,5207902,5705412,7708044,7096260,7765546,8855352,5574656,6835746,7775245,6829223,7029857,6789009,5648150,7402086,6762011,6122482,8229529,4543182,7568238,7675458,8749832,5312047,4428078,7443713,7067095,6742294,6393305,6682970
2021-11-01T02:25,4017067,5775869,6170102,6457354,7453532,7433031,6155582,8372555,5991415,7185779,6897389,7944799,6892685,6456889,5377996,6042266,6182484,6402392,5159962,4862608,6981146,6536282,6913045,6134848,4945877,7243398,6971452,7988097
2021-11-01T02:30,5072736,6059682,6080730,6288421,6675600,6239709,5810926,7127609,6456201,8195999,5942188,6709601,6845752,5200730,6014395,4751977,6461688,7092333,5964090,6516874,5210934,5014044,5725004,6610032,6936004,5532149,6922116,6309113
2021-11-01T02:35,6513402,7075983,5987228,7548761,6285728,5452868,6997991,7820763,6992967,5455653,5988859,7623398,7058292,7338060,5187463,6709710,7809025,5584762,7419425,5894250,6983124,7541641,7213366,9060440,5773404,7688492,5378631,6771404
2021-11-01T02:40,5677888,6964675,6478097,6176154,6660173,7211832,5451092,7166101,7711892,5647346,6126019,6979477,5942911,7327327,6441509,8400228,5390166,5622776,7677651,6844906,6554781,5844263,5691871,7238150,6721440,4179276,6930265,6029693
2021-11-01T02:45,6260219,5598774,6108173,5891780,5420267,5614352,7609385,4541995,8110059,6527490,7057111,7707929,5804444,6445027,6529501,6978011,7905849,6516511,6618588,6479173,8315073,5940286,6442829,7093985,7506492,6131167,6489275,7130609
2021-11-01T02:50,5351985,6436073,5894691,7069687,6796678,5269732,7046582,5912291,7431924,6241906,8739572,6493336,7503327,5673588,7383945,6713479,6592302,7137703,6226807,7072611,7295380,6355068,6487130,6835875,5685325,5485814,6744464,7936654
2021-11-01T02:55,5203517,5420305,6494269,4965624,6831759,8212733,5915559,5476891,4749320,5145384,6884093,7171820,5370723,6962906,7168677,6515284,5748873,6392324,6553348,5381246,6561171,6694205,5639460,6323293,4953488,7059606,5670002,6970787
2021-11-01T03:00,5356863,5503190,7813363,6262866,6402967,6926966,6927324,6127560,6921372,6767139,6977335,6275435,8298151,5319507,6739161,6173400,6836843,6024067,5404737,6975659,5511002,6601075,5767582,7934417,9040353,7200409,6353919,6350133
2021-11-01T03:05,6621693,7143355,7513052,7954247,5817615,7543562,4842362,7181898,6981066,7527298,5731152,6335648,8168451,7045209,6490835,6590071,7256191,7246799,8080139,7963757,5728499,7347184,8344388,6435482,7543870,6708782,6752561,7470323
2021-11-01T03:10,6287341,6184740,6537367,5171831,6790147,6024232,7393002,6399275,5821513,7007182,5860635,6388619,7516472,7276196,6897390,7279847,5733224,5602854,6910499,5562259,6817982,7304401,7760927,8856724,6213658,6682474,5547596,7649964
2021-11-01T03:15,8280113,5526869,7324427,7529664,6355972,7015727,6878452,6183253,6326111,6258732,7614856,5088072,6980241,7514664,5191530,5820352,6619199,6935978,6415865,6910796,7520043,5882583,7484453,6945481,4927782,8243824,7649455,6513148
2021-11-01T03:20,6571549,5882193,6397654,6510020,6182173,5883488,7049476,6276938,7151480,5431700,7259744,7989055,6046876,7290287,6523947,8619567,6270726,7849948,7700520,6713315,5961696,6922551,7471904,7002296,7717942,7213232,5845738,5262391
2021-11-01T03:25,6789531,7846645,6638830,6115010,5999894,7404652,8451965,7193867,5747916,7101023,7525705,7062851,8209041,6630939,6551968,5528034,5365895,5690632,5408600,5830847,6866889,6887100,6946407,4381765,7109476,7551640,5992628,6465751
2021-11-01T03:30,6706372,5933862,5994879,7667733,7215761,6886881,8206648,5389486,6456352,7009266,7101825,6506543,5726742,6363342,6074239,5212506,8096670,5616771,5004386,8668352,6744207,6379181,6571481,4370180,5711996,7715718,5265757,7456945
2021-11-01T03:35,6412893,6812138,7221423,7052969,5610013,5870665,5270205,5972618,7299396,5250348,6189353,7920500,5695714,5879183,5982303,7996775,6188928,5660681,5241806,6430140,5973717,5405003,6259790,6242800,5284688,6755570,5391363,5782227
2021-11-01T03:40,8167757,5377218,8683400,5895386,6301940,6163579,5952706,4451378,7421520,7560568,7352892,6211924,5558444,5699198,5609771,6959824,8913790,5685375,7040037,7470249,6480648,6981503,8235677,6959075,8429502,6929084,6247917,7356539
2021-11-01T03:45,7049646,6911553,7085889,6230583,5274736,6275125,5953409,8211730,6473683,5613955,7555235,6734655,8677569,5724883,6594617,6872190,7676147,6145810,7214019,5430820,6716530,6157754,5490823,7885248,5325117,6749156,6414597,7642802
2021-11-01T03:50,6410068,5235123,6895253,8477850,6263981,5097933,6660377,6010493,6583066,5584550,7446378,6786456,6374080,6841611,7477067,6665992,6078189,6361851,7654832,7322589,7359432,6781581,5716836,6590286,6203172,6740665,6228339,5654886
2021-11-01T03:55,6942095,8893700,8888666,4951594,4872396,6297813,5706142,7624364,6804326,5254083,5921019,7098599,6003283,7305465,5984105,7214537,4207234,5448306,6909765,5352145,7981071,5524607,5810930,6257818,6491076,6442388,7229908,5677581
2021-11-01T04:00,6817851,9773525,7965296,5062179,5781231,7043191,5079569,6209754,6081108,6662347,8604749,7555681,6855694,5683479,6930839,6911279,7395178,5216174,7788903,7467447,6549665,7743999,7177609,6153475,8804931,7073768,6983450,6982593
2021-11-01T04:05,4706086,8068759,5872657,5649656,7390369,6698437,7519734,6543283,5972494,4856502,6341680,6870799,6142485,5876164,5859307,6002587,7131348,7359567,5975252,5879699,6093554,8037811,6621995,6450294,5686827,6132618,5716243,5545517
2021-11-01T04:10,6928026,5749149,7053861,6933673,6535676,6908274,7346005,7358482,5322994,5766951,5308610,8231554,5405695,6239456,6539784,7399964,4722746,7850498,6361484,8569386,7750327,5205821,6729686,7233391,5550078,7506581,7519343,5558872
2021-11-01T04:15,5678694,6431160,6274027,6436658,5323863,6924556,6094512,4104904,6313523,6448488,6959135,5475097,6747083,8521330,5505810,7480434,6705485,6330206,7234999,7145924,6312918,5963588,5263637,7345780,6558445,7993168,6155491,6670740
2021-11-01T04:20,6887001,6224387,6682988,7525154,5175256,6500965,7115713,7007930,6651886,6916153,5265516,5942319,7980983,8565288,6983804,4778102,6229241,7383186,6153164,7884915,6427168,5105955,6369819,6819216,6452012,5738529,7512848,6686216
2021-11-01T04:25,7592913,6264134,7875333,8513818,9906165,4525500,6637903,4772549,7914186,5507122,6289660,6392280,6988910,4931128,7395874,5853094,7718058,5932385,7240436,7166630,5632249,7195337,5610539,5653697,6862710,5326452,8328068,6425442
2021-11-01T04:30,7135275,7201309,7831160,6464882,6599994,8132975,6715951,5932947,5527442,5184733,6831436,5403679,7283236,6431416,7770898,7142990,7759844,7451545,4806316,6082395,6077273,7682481,6196491,6255965,6483576,7125925,4767723,6485033
2021-11-01T04:35,9037321,7078735,6889547,7376152,7437428,5923163,8125395,6546216,6179233,6794448,7184796,6047438,5237594,7301995,6173781,6608258,6049141,6233225,6214136,5153461,6233313,6798646,7454443,8393564,7387350,6084996,7103124,6488376
2021-11-01T04:40,7342836,4282508,7058470,6667687,6443098,6454560,7041432,7156903,7008602,6748655,8493687,5530753,8916173,8065290,7647912,6388882,5873967,5341937,6619729,7828273,7110526,6400762,7315492,6300574,4282126,6188584,7961940,7448932
2021-11-01T04:45,5580633,8099543,5182259,8403035,6467874,7284048,6330645,7045088,6349451,6500124,6239694,5377211,6946256,7522983,6868238,6635715,6422613,5807833,5855714,7900188,7456080,6998793,6169561,5607399,5965501,5593220,6189473,8877909
2021-11-01T04:50,8208136,5641637,7310500,6216761,8073739,5806832,5838046,6028197,5721877,6004314,7121773,5867444,5339515,6358998,6176412,5675679,7473660,5260641,5405370,7406362,6273000,5780980,6151790,6506451,6202769,7746584,8343640,6681369
2021-11-01T04:55,7422484,6375826,7927354,7028724,7802250,5388590,7958672,9601629,5734587,8769993,7024074,7244316,7567152,7035268,6793675,6369732,7673412,6322531,6869317,7602244,7180490,6187923,5758299,5724507,8168320,6146535,7051590,7633601
2021-11-01T05:00,6856424,4586341,7530547,5809365,6251231,6871803,7821882,9388688,6492259,6889406,5232464,7625437,6363568,9846857,7019693,7623321,7169677,5777579,8644826,7967752,5564802,7339685,6074105,6106151,8754264,5830391,7050280,6354379
2021-11-01T05:05,7821230,5706227,5958549,6764755,7743187,6015967,7519527,6197406,7575867,5161918,5657465,5833731,6896787,6024811,3669996,5266143,7160699,5834321,6824579,7338004,6902915,7241353,6570405,5268246,8100097,7177584,6632843,4626297
2021-11-01T05:10,8181962,9172670,7451399,6988889,6890988,5850163,6077713,6589310,6904070,6215405,6403583,4947774,5839300,6993707,6337191,5915691,4973906,6828973,7282566,4160643,6665454,7068646,5823172,4988705,5892783,5873259,5138787,6832353
2021-11-01T05:15,6045282,8402215,6360556,4573731,6769235,6257202,6618806,5428272,5768345,6226173,6384681,6807591,6238835,7302688,7305759,7001296,7771173,5838980,6395894,6218818,6516675,5666549,6555341,7639511,7998748,7791768,7631534,7651782
2021-11-01T05:20,6422687,6787184,6539505,5399270,6033500,7150358,5609961,7804393,6354751,6736731,4070575,6063193,7945358,5827633,5302928,6422709,6302557,5636106,5206863,8439699,7259008,6577167,7801331,7506007,8034613,5511653,6320119,5791791
2021-11-01T05:25,7385131,6809944,8003979,6802851,6585076,6625518,5879676,5858493,6284389,7465237,6680794,6794366,6199544,6313383,4744408,5079774,7929887,5856919,7848725,8710929,5536130,7202884,6500946,5936174,4832028,6238251,6504279,7078496
2021-11-01T05:30,6917949,5555898,5462704,5486595,6560798,6858021,7679086,7196683,6878946,7867010,9285445,6940023,6642907,5994297,5510027,7785544,7694266,7528737,5345075,5275485,6688338,6640465,6811231,7163121,6309843,5470282,7099824,6944094
2021-11-01T05:35,6424819,6724289,6668948,5933557,6668442,6090005,7295929,5929230,5673993,5683075,6997257,6809263,8187234,5555959,6151839,6830260,7938016,5503935,5541219,6336045,6407468,5638934,8141505,6687653,7293540,5408684,3922583,5061924
2021-11-01T05:40,6114473,5708643,5590952,5337727,5495200,7394964,6277035,5789493,7582383,6970777,6747370,7615119,6653059,5760189,7017802,5218199,6903451,6555197,6440185,6003848,6477311,7598620,6037454,3688528,7529446,6169462,6964389,6346493
2021-11-01T05:45,6191952,7662937,7058886,6190606,7059712,6378392,7748985,7519192,5608057,6087860,6190912,7945710,7528840,7596590,6388921,8204594,5939314,7368183,7920434,4581260,5588486,6049861,6556779,7199377,6988533,6164018,5590045,7590252
2021-11-01T05:50,7537170,7706826,7304937,6577033,6820324,6472603,7395871,7563752,6796478,6828518,8323543,6532579,6834482,7699161,6016680,6739815,7658492,7369049,6828542,6697987,5523246,7363845,6531770,6000365,7484246,6407002,5779288,6902232
2021-11-01T05:55,5736748,6990735,6168664,6968261,7066833,6948149,5530475,5418367,7622988,4457557,6466805,5927245,6585350,6854857,6875537,5128193,6630830,5484508,5762535,6233737,5792990,6367743,4980850,6983179,6762747,6861606,6936984,5095715
2021-11-01T06:00,7433531,6665005,6444768,5205733,7159606,7889180,6338688,6736247,6324855,7412798,6140750,7058337,5778072,5308594,6297172,6792940,6621295,7510323,6573337,5340465,6523242,4996516,5725866,7949476,7070561,7357402,7229930,6020460
2021-11-01T06:05,6438486,7101903,4401734,7178788,7307394,8964208,5889354,6987897,7322179,7160923,7377827,6146467,8846324,8003371,6489947,8390037,6537058,7297055,6567708,6953348,6497767,7385806,7017926,4691688,7188459,4492741,6845874,7102327
2021-11-01T06:10,8445016,5897686,5495456,8121824,8312514,7721931,6500568,7523478,7392758,6766934,6570864,5836739,6612027,6683630,8051677,4975502,5721446,5336277,5683508,6188933,6428785,5995048,6993575,7017538,6169835,5925619,8132101,8063191
2021-11-01T06:15,8773484,6994979,6483707,6137885,7652580,7836659,5543392,7356590,6944369,5576991,7430904,6096614,7982315,6033910,5967930,4588684,6416812,6443770,6577372,6274449,5858184,6363571,7058607,6265958,7790056,6570387,6930954,6672705
2021-11-01T06:20,7832348,4733032,7738888,8814743,5453052,6129616,4913322,5926812,7184378,6831916,6723154,4747543,5837525,6656342,6641630,6048649,8027261,6353602,7075948,8295586,4732198,4722630,6269926,6192848,5112515,7170304,5527590,7829684
2021-11-01T06:25,5335980,5569902,6437034,6347656,6311724,5893028,7822270,5130582,5072675,7018976,5763931,8074614,6552772,7384458,6776792,6236737,5135530,6256283,6901907,5154108,5584012,5334473,6473480,6217777,6740786,8922010,7342672,4752162
2021-11-01T06:30,6405435,6328714,4836188,4460903,7277221,6242045,6268531,9047881,7187522,8104094,7612887,5981857,7518043,5402087,7668329,7454481,6747090,8092967,6123636,6390543,5828850,7217153,6923229,5651434,6698797,7294792,6351942,6435594
2021-11-01T06:35,7059472,6735397,6518406,7152679,7720758,4628298,6520449,6170280,8970822,6247471,5357568,5627696,5847757,5051484,7761621,7239770,5638020,7822565,5980104,7593730,8639527,5104501,6496444,6884361,5896091,4501550,6386443,5605201
2021-11-01T06:40,7135815,8069297,5759390,7187628,5861772,6204179,6961668,5770835,6480275,5822561,9471837,6115205,7484729,6505564,7462358,6843238,6824712,5934641,7152221,6582736,5572417,5632642,7435969,7041901,6789194,6798775,5892823,7535328
2021-11-01T06:45,6585514,6141243,6652136,6927677,6103626,5047464,8431299,7196541,7847741,7101198,7164015,6746729,5866789,5841288,7727388,6422438,7165627,6038645,5516010,7434145,6835192,6248634,7229488,6198297,5959510,6488397,7366085,7493485
2021-11-01T06:50,7200678,8008752,7933743,6855471,6992111,6071405,6513942,8329362,6908858,5255523,6670265,5323582,7899983,8242845,6671455,8074373,5639736,4770284,6063446,6590001,7695204,6010457,6864764,7937594,8713594,6327790,4929876,6799052
2021-11-01T06:55,6877383,7047707,6267081,5522181,6089691,6557022,7064160,8383457,6454057,6996223,7132233,5919534,6760107,6768523,5652382,8475406,6030265,7705101,7217414,4751438,6301242,5250172,6245607,4593444,8449772,6286460,6719580,7389872
2021-11-01T07:00,6569954,7184089,4685747,7191824,6801765,7387321,6570101,6003998,6452618,5362957,7143899,6058604,6030129,8616478,8913052,4782026,6126664,6683967,6911340,5947520,8215736,5059791,5594977,4920640,6040406,6535180,6902849,5995242
2021-11-01T07:05,7200599,7445806,4880193,5622935,7005406,8307216,6269998,7349022,8394413,7293773,5567185,6574015,6716081,7376774,4629905,7452565,5817903,6126741,5710350,7595553,7263709,6911422,5271858,6455743,7774298,7732973,7135952,7650221
2021-11-01T07:10,6111179,6106525,6055865,4689048,6058355,7533168,8040007,7876321,4350403,6784730,6399773,7089533,6607160,5937759,6700361,5544116,6866806,4773150,6088812,7941454,6382845,6585446,8583280,6453110,5836454,7167969,4954905,7138771
2021-11-01T07:15,5765133,5837773,7000152,6088725,5734312,5513528,7807913,6244279,6110047,7848314,6536538,7359641,6518795,5945303,5399271,5649631,7577219,4698509,7836875,6830953,5886014,8095809,8227959,6172576,8009736,6946396,6013593,6790013
2021-11-01T07:20,6014511,5652690,6508407,5745674,7447843,7638170,6450745,8756027,6433052,6518614,7129188,6261526,5805334,5340562,7657905,6703500,4992615,6369445,6408011,5656420,6748464,7634743,6884372,7146307,8196281,6878488,7057454,7201945
2021-11-01T07:25,6140099,6019810,8551817,7511608,5965844,6617390,4200486,6766605,7128469,6404139,6827385,8411963,6943779,5909924,6839179,7170903,7733353,7637004,6646076,7310373,4977989,5238123,6552829,4904735,4826904,5890161,8613288,4300948
2021-11-01T07:30,7371798,5526884,3800164,6271257,8028974,5744610,6183515,6236793,6594158,5979338,6686321,7582004,7464005,6772284,7687510,6370381,6014916,5209999,7614623,4934376,7650531,7041318,8084859,6834353,6950626,5949896,6795870,7798640
2021-11-01T07:35,6056315,7971510,7072455,7329015,6116749,5544268,5749033,6043477,5232015,6552667,6133954,7310554,6885948,6935519,5708748,5415338,7176614,6664472,7236846,6130889,7932912,5415520,9577004,6961677,6996482,6671360,7096882,6604314
2021-11-01T07:40,4894895,5795904,7549024,5321190,6368229,7092995,8558822,6373416,7725971,7947091,6425551,6478939,6893392,6207950,5501631,6614063,7024705,6304637,6666196,6159682,5862326,4572452,5782354,7608339,5310489,5540934,7739100,6189046
2021-11-01T07:45,7132506,5569956,6014892,8438975,5574059,5040061,7260654,5401861,5540944,5712319,6747849,6830665,7404893,6294504,5732249,7293990,7597293,5954428,6662274,7516864,6489486,6103540,8265621,6397022,7345163,7613528,5999796,5314613
2021-11-01T07:50,6536921,7576112,7511523,5345505,8199773,7117672,6713025,4894643,5554837,7025824,6546621,8262430,6039070,7715385,7933524,6626119,5701240,6226236,7761988,7676183,5321702,5256008,7915006,6224333,6369937,5186310,6754781,6991794
2021-11-01T07:55,5270964,5882626,6772868,5787106,6580174,6485400,6250623,7059328,7094615,5524688,6398019,7759665,8362901,7963599,6696174,8946328,5354356,6723638,7337360,6397235,6826343,5633657,6558832,5065919,7658151,6669255,5244234,6827817
2021-11-01T08:00,7049276,6246438,7414598,6265668,7576849,8184524,4348410,7439325,9238324,5238814,7559631,7434697,5789760,7145704,6056726,8033528,4905420,5866655,6188248,7081926,7047356,7583665,6322357,6340575,6152719,6700966,4798364,6011504
2021-11-01T08:05,6744155,5595330,5398597,5956827,7115923,5909635,8020066,6241786,6522735,7713934,6487546,6557337,8098091,7015823,6294492,6390529,6013680,6339599,6089457,5713787,7282968,6924381,6754718,6372335,5286706,4613893,4189446,6110367
2021-11-01T08:10,6465810,6167933,5255004,6024251,6227581,6032500,7927535,6658476,7837458,5337757,7883885,6939970,4840055,7344792,6760423,7042612,5554713,6882160,8453805,7250906,7777980,6561173,8216327,6584691,6430262,6204511,7453257,7298829
2021-11-01T08:15,8716484,4350284,6559915,6728424,6173649,5213069,7176370,7485909,6393958,4691860,6740540,6638115,6365140,8092892,6541835,7804469,5959593,7853586,6772247,6277544,6819955,6054667,5617431,6502842,6159628,6682598,4279769,6219868
2021-11-01T08:20,7347939,7829009,6539306,6818026,6422799,6257524,6196554,6621499,6726149,5996479,7257249,9357105,7201663,6260792,7521028,5190651,6690631,7125694,8156013,6305623,6794828,7232007,7425033,6547517,7333790,6131764,7511120,5956492
2021-11-01T08:25,6953768,6706678,8529735,4582715,6636096,7073242,7089885,7438647,6756059,6220354,8754435,5262104,6521589,5938297,6384181,7521076,4367442,8572262,6158387,5903858,6134884,5853991,6266419,6736164,7189624,7614127,5192776,6342839
2021-11-01T08:30,7764379,6240327,5252696,6452176,6318172,7405672,6535543,5953126,4609100,6454231,6575735,5471749,6789879,7014435,6689054,7508625,6157913,6383740,7209342,6245152,7656048,7864243,7430888,7104346,6533326,7457234,7398817,6037011
2021-11-01T08:35,8367403,7256097,5464039,5270655,6864222,5857071,6937915,6819936,6211811,6249633,7580991,6854573,6252968,7052780,6211493,8198584,7108130,6349325,8095729,6581988,7143208,6174030,7803835,5208216,7742282,7530439,6652842,5607567
2021-11-01T08:40,7908934,5493728,7177801,6415199,7414209,8538614,5822216,6369778,6284727,5779502,6190630,5636975,5860837,7282740,6150842,5532386,8403092,5304263,6602058,6312697,4962164,6348045,6667958,7238446,7263342,5328418,6384021,4724391
2021-11-01T08:45,6952655,5929459,5473886,6344268,5601951,7526805,6314963,4620922,6681738,6049467,6774008,6970438,5617965,7177103,7177348,5436575,8014064,7036492,5635155,5661884,7330145,6374307,7648032,6587127,7151909,7515901,7266754,6973224
2021-11-01T08:50,6698251,8981204,6533487,7137441,5445424,7607611,6811564,5414815,7995693,4902579,6339594,6320836,7406133,7666555,7585555,6250266,5629466,6685016,7184726,6818036,5410087,6934384,5989789,6355414,7695968,5587972,7166085,8145612
2021-11-01T08:55,5593656,7800697,4821877,8051881,5378146,6502533,6143560,4090605,8080649,5522852,7914885,8185626,8444086,7317967,5305062,5672194,6423605,6038194,6842448,5794476,6465734,7706983,5609769,7121737,8173358,7050583,8244965,6080411
2021-11-01T09:00,7042350,6031568,5889061,7350489,6836548,8567655,9212479,7058037,6513551,6238990,5021347,5838335,6732919,6088131,5713548,7205953,6461530,7787820,5579391,6654934,5080240,7833274,6157415,5790168,7233173,7091638,6519381,7479487
2021-11-01T09:05,6948238,5759568,5464080,7615639,6567308,7779562,8567293,7383871,6994267,6403473,6929001,5956408,7573572,4777828,7403388,7113459,5604600,7636395,7639941,6764053,6700582,5281077,6711064,6798893,6418731,7032207,5754815,5106280
2021-11-01T09:10,5493399,8758016,7573217,7597685,6106094,8413333,7223279,7706085,5187124,6412675,5323585,6257138,6473747,7744411,7053879,7634753,6911364,8114396,7795015,7386125,5199355,7111908,6551182,6757737,6175000,5861188,7397080,4729682
2021-11-01T09:15,6362772,5718181,8241937,7673697,8105610,6965587,6901012,8219183,7659302,6702869,6566746,6810457,8841700,4942821,5838632,7225485,5824594,5776331,7185358,7777056,7457193,5628070,5038425,4954526,6967463,6026533,6241579,6596196
2021-11-01T09:20,7514874,6653730,7723917,6719493,8113466,6262603,8739884,7110796,5281509,5908082,5779247,4532212,6795277,6575782,6879703,4873880,5520934,7294745,6309837,7057943,6556099,5528721,4788673,7794896,6503871,9087278,6536331,6276826
2021-11-01T09:25,6882026,7478345,5182024,7714409,5955662,7754550,6491389,5644018,6145595,6980903,7626132,6288605,6608126,7333480,5328834,6259967,5882922,5745103,5333693,7759951,5599742,7391159,7635928,6446685,5339604,7187070,6850494,7234143
2021-11-01T09:30,8052924,5232632,8796868,7917492,7354092,6494962,7404568,5599147,6116512,5844123,6352626,5711951,6884434,5818386,5861701,7794535,6834125,6936330,5435447,5394149,6433895,5610265,6673375,5768542,7301505,7020627,6793557,6062737
2021-11-01T09:35,5868013,8117476,5476702,7394012,5755384,7806285,6297305,8905585,7707333,7278518,4242795,6051558,6606274,6869841,6753279,6738169,7302827,7302137,7607694,6434002,5354407,6492698,6608847,6227614,6238990,6090205,6422100,8103388
2021-11-01T09:40,8138165,6686336,6045589,9902130,8823209,8093556,6947702,8122991,6474019,6489616,6212743,7211983,7733888,6793916,8022295,6252398,5386005,5783813,5132125,6373630,7152459,6401708,6587311,7071848,9805158,6508567,6720173,7702593
2021-11-01T09:45,6659569,6882031,6539946,6628208,7402929,7676569,6394165,7435406,8483805,6177951,6631491,5551665,5970502,5893340,7196042,8497256,4991437,6738353,7372593,7102328,5417097,6049936,6713355,5512814,6384626,6886007,6276525,7342297
2021-11-01T09:50,7504592,7923837,6126129,6553028,7155768,5840080,6737072,6934409,6684807,7445641,6605924,6719260,6520909,5424853,5805792,5865739,6209206,5233195,7379340,6678240,5625581,6549669,7760933,6178800,7086602,6102007,6062591,7447164
2021-11-01T09:55,6265587,5492342,8271407,8239258,6216699,5361102,6933929,5258950,5684511,6446437,5852259,6648041,6572650,4514324,6907299,6092352,6131517,6638468,5797828,6758712,7602614,5771477,7613627,6768963,5833372,7893885,5977474,7910209
2021-11-01T10:00,5846577,7098556,6863580,8634758,7537199,6305363,5186227,8079866,7191261,6634042,6714928,7255013,8592524,6326595,5883501,8389144,10136537,7277348,5766134,5964926,7604687,6169267,7307246,6177963,6280567,5697199,6770604,5338069
2021-11-01T10:05,7388420,7548475,6371387,7151019,4730033,6147910,4977070,6929627,7484333,6915533,7756803,6104912,6575962,6554133,5462708,7004387,4638917,6742690,6635092,6248439,6397434,6361639,5953583,6085472,7217860,6698903,7551037,5620074
2021-11-01T10:10,7211657,5793896,6942741,5553690,7026726,7101300,7267239,6499594,8789963,4893557,7758082,8329355,5732486,6881810,7100475,6737836,7634374,6565372,7354584,7656441,5971606,7694118,5846322,5487111,6032666,4216399,5863819,7430057
2021-11-01T10:15,6982323,7411321,8030124,6287781,7390666,5786274,5353190,4896293,4542544,7574337,6445861,6221477,5897683,6309227,6218920,5834603,7692818,7737271,7859881,4640851,6231885,6697474,5940160,5749139,5703676,4867927,7581804,7005145
2021-11-01T10:20,4816559,6066236,7480829,7058077,4659957,7189048,6482060,8263855,8289650,5818689,8053184,6095851,6084189,5053821,5572422,8176350,5636320,8645967,6144122,5355784,5154909,7243906,5261084,6857842,7363762,7698034,7919522,6054202
2021-11-01T10:25,5943510,4880607,6125420,5727111,7123186,5632672,6430412,6581636,8005108,6261875,5647244,6651979,6355889,6647120,5486778,5772093,5520715,6673700,7533376,5406353,6448634,6984289,6624655,5600940,7634549,6344669,6151375,6118232
2021-11-01T10:30,6306872,6660853,6391942,4075931,5459630,6791106,5328579,6791991,7048402,6971423,6444791,6204894,6039363,5865062,5529013,6200677,5520114,6681272,6294583,5447504,7931781,7600273,4330975,8235913,6199622,5284477,6909947,7696205
2021-11-01T10:35,8305316,6507128,4132317,7218038,7008238,5437370,7306544,6086472,6005147,5208736,6039816,6068332,6256499,7177117,7509628,6037104,6465067,6216676,7328813,5075852,5268905,5572271,5258829,6068097,6679389,6766767,5771487,5683209
2021-11-01T10:40,8952193,7519199,5801270,8826021,7903739,5502237,5705767,5476317,6114458,5470851,8078290,5908407,5582550,9315948,8384535,7237121,7495385,7510297,6142483,6712794,6924136,7829139,6889220,6834574,6002677,6673949,7311033,5054568
2021-11-01T10:45,5881076,5745836,6736347,7179319,5752984,8809019,7916158,6683006,5431822,6936765,7406037,5139275,6344603,5368699,6171092,5337932,4579829,6943795,5469331,8375292,6525878,6304935,6700360,4760073,8033842,5949855,6503332,7044542
2021-11-01T10:50,4998011,7013319,7469892,6238952,6794343,5853997,5976300,5288106,6386731,6398736,5616991,7554342,6019191,5540706,5194365,6543719,8390850,6555386,6819788,6334741,7607142,5070321,5334162,7539975,7834236,6357310,5660169,6739836
2021-11-01T10:55,9592757,5898803,6933833,5701664,6344246,6809298,5838954,6342139,4817728,4667496,5364643,7427726,4851549,6714141,6593794,5932139,6001399,6537592,5874350,6000067,8009455,7602896,4898471,7542569,6927702,5565675,5287363,5733857
2021-11-01T11:00,5154864,6047044,7501407,7752491,6357344,5569500,4339447,6746875,5640895,6621948,7523197,6366021,6964823,4732092,7220707,8297551,6640892,6093903,8182765,7378215,6919048,5180763,7742219,7003256,5405177,7676118,7853195,6226273
2021-11-01T11:05,7325162,6633527,5541284,6098872,6482027,5114944,5934008,7814005,6688229,6733894,5044164,6184198,5113558,6183792,7638300,7238745,6842696,7264042,6769546,9151947,7293560,5828888,5822675,4697034,4725039,7641119,5602772,7115600
2021-11-01T11:10,5062210,8094577,7800295,5003196,7848678,8374441,5888631,5440301,7541726,7888621,6321562,6198505,6461659,5324722,7343497,4949268,5557228,6899534,8135029,4948985,4960227,5957601,8900854,7449806,5970765,5621000,6170872,8394722
2021-11-01T11:15,7086577,7704652,4242700,5598073,7613328,6009186,6683577,5651897,7204357,8922385,4781557,6608445,6335194,6452610,6322144,7052789,6519571,6671819,7499321,6671648,7109435,7041101,7346323,8119918,7447864,7388992,5361031,6612109
2021-11-01T11:20,7613371,6838248,4709220,7332382,7265709,7488192,6629789,6024530,6183309,8610601,6409824,6027724,7294386,5922196,7084492,7483304,6805685,7940992,6648456,6695677,5980145,6777336,6657649,7864322,6119672,5694890,8858067,6294629
2021-11-01T11:25,6957535,6311995,5064219,7050947,6121069,7088358,7468974,5784955,6159343,7333560,7743110,5450332,6770754,8589229,5291690,7338146,7521382,6765052,6275244,7053673,5719325,7029744,6902098,8401096,5343146,5347547,7083248,7185993
2021-11-01T11:30,6303364,6263759,6831393,5290753,6953541,4969876,8046000,7282564,6529080,5822396,7353687,5673955,5257044,6312036,5385944,5958237,6213226,5199826,6836374,5346906,6153142,8184026,7034816,5666058,4924869,6749716,5642250,5682710
2021-11-01T11:35,6253416,7024950,6097798,5408561,8035928,6883496,5148472,7321061,6243165,6181799,6027428,5884230,6936986,6005983,7124738,7204523,6635449,6320268,6049658,6857743,6222957,6797111,6289118,7452002,4828503,6790859,7960976,5931482
2021-11-01T11:40,7126160,8090508,4542610,5903786,6872061,6152438,6498465,5899083,5699354,6039289,7280658,6191986,7306058,5082240,6887238,6333006,6409792,5933177,7193689,7058399,8295678,5087746,6250109,4811675,6277778,6324988,6201837,7497225
2021-11-01T11:45,6819891,7867115,7027694,7016654,7308247,5758392,7407864,7088863,6935956,6262505,5460121,7887657,5786973,7244906,6111697,4461707,6584968,9152103,6960860,6302890,7193853,6648696,6926355,5562810,6295237,7342643,8885831,7795741
2021-11-01T11:50,8133550,6869889,7499202,7187691,6384867,5251430,5781022,6502871,5311034,6220099,6767499,5854012,7097074,6051348,7513612,6586664,6478717,5641049,6268364,6104389,7144342,7434170,6908825,8189932,7378100,5518092,6441071,7126022
2021-11-01T11:55,4977577,5877506,5776169,4998724,7388309,5290523,6264655,6104928,6478211,7035059,5383587,4767136,7464386,6825246,7166141,7809691,5955138,6765634,8468331,8262776,7192804,7296868,6494399,6235520,5549616,5838348,6571475,6390699
2021-11-01T12:00,7116470,7373529,7812348,5708935,5639535,5803170,5792332,6111767,6159123,6465632,7482730,6403547,6118786,6769020,7013126,8883495,5238730,6747096,7653908,7616644,6026032,7380505,7679551,7764677,5409210,5276703,5180196,6454789
2021-11-01T12:05,5621103,6643113,6411461,7094383,6118067,6324490,5723951,6623369,7754928,7507045,6883362,5463795,6449444,7540902,8213307,7794745,8685876,7244998,6136795,6682394,6093448,6662182,6009282,7636314,6030892,6603461,4956056,7078135
2021-11-01T12:10,7498543,8850914,6609970,7040685,5534513,6413628,5776387,7662203,6679002,4750719,5205843,6498888,6373997,7424257,7807045,7717450,8330862,5632049,7265727,6843772,7844202,6974800,4693310,8503185,6517953,7663057,6497146,7502013
2021-11-01T12:15,8080876,5217874,4863454,7823156,5182432,6506801,6569541,6754720,7884099,5923386,6911855,7556624,7777238,6900306,7368122,7502111,7356550,6675460,7792799,8989646,7576372,6708107,7506266,6627813,5231721,6585966,6670233,7688080
2021-11-01T12:20,7208592,5157850,6245451,6430957,7014408,6377293,7825557,7871267,5942649,6509577,5654047,6665557,6449883,7123256,6501067,6710457,7645329,6602635,5709580,7254429,6682108,5821542,6402421,6438675,5209136,6266508,7250848,7989480
2021-11-01T12:25,6588501,8036770,7195617,5457829,6386713,6950671,6988973,8372606,6337319,7387496,6002780,7455723,7249154,5512537,9005003,6544872,7105027,6554695,6303257,8868199,4625871,5861817,6448950,7508483,8342421,7549694,5792313,6223682
